"name","phone_number","email","products","timestamp","company"
"Linda Fox","1-325-6758","linda.fox@eget.com","Product 2","2020-03-10 00:00:00","Eget Inc."
"Hermione Nielsen","1-647-722-7410","hermione.nielsen@tristiquepellentesquetellusconsulting.com","Product 1,Product 3","2019-10-04 00:00:00","Tristique Pellentesque Tellus Consulting"
"Forrest Park","1-269-4945","forrest.park@lectusinstitute.com","Product 1,Product 2,Product 3","2019-11-10 00:00:00","Lectus Institute"
"Paloma Alexander","1-647-108-7050","paloma.alexander@necincorporated.com","Product 1,Product 3","2019-05-24 00:00:00","Nec Incorporated"
"Clayton Tyson","1-745-8090","clayton.tyson@auctornunc.com","Product 2,Product 3","2020-05-27 00:00:00","Auctor Nunc LLC"
"Nolan Conrad","1-647-188-2825","nolan.conrad@massasuspendisseeleifendassociates.com","Product 1,Product 2,Product 3","2019-07-04 00:00:00","Massa Suspendisse Eleifend Associates"
"Jerry Henson","1-647-726-2776","jerry.henson@phasellus.com","Product 1,Product 3","2020-02-18 00:00:00","Phasellus LLC"
"Hedy Lloyd","1-647-694-1409","hedy.lloyd@cursusindustries.com","Product 1,Product 2","2019-04-30 00:00:00","Cursus Industries"
"Cruz Dickson","1-647-739-0182","cruz.dickson@etultricesposuerecompany.com","Product 1,Product 3","2019-01-10 00:00:00","Et Ultrices Posuere Company"
"Melyssa Ellis","1-181-9407","melyssa.ellis@arcuiaculisenimpc.com","Product 1,Product 2","2020-05-19 00:00:00","Arcu Iaculis Enim PC"
"Brady Bradford","1-758-8790","brady.bradford@sagittisplaceratcras.com","Product 1","2019-07-12 00:00:00","Sagittis Placerat Cras Ltd"
"Ivana Edwards","1-574-4015","ivana.edwards@euodio.com","Product 2,Product 3","2019-05-22 00:00:00","Eu Odio LLP"
"Angelica Parks","1-495-9001","angelica.parks@donec.com","Product 1,Product 2","2019-01-18 00:00:00","Donec Ltd"
"Georgia May","1-520-6531","georgia.may@suspendissealiquetmolestie.com","Product 2,Product 3","2018-11-24 00:00:00","Suspendisse Aliquet Molestie Ltd"
"Xanthus Gilmore","1-647-326-7823","xanthus.gilmore@loremipsumcompany.com","Product 1,Product 2,Product 3","2020-10-06 00:00:00","Lorem Ipsum Company"
"Signe Garner","1-932-7369","signe.garner@euismod.com","Product 1,Product 3","2019-03-29 00:00:00","Euismod Corp."
"Kai Grant","1-858-1315","kai.grant@commodocompany.com","Product 1,Product 2,Product 3","2018-11-15 00:00:00","Commodo Company"
"Stuart Sharp","1-751-8272","stuart.sharp@orcicompany.com","Product 1,Product 3","2019-09-25 00:00:00","Orci Company"
"Gabriel Hooper","1-281-7216","gabriel.hooper@.com","Product 3","2019-07-22 00:00:00","In Inc."
"Vivien Bates","1-132-7968","vivien.bates@orcitincidunt.com","Product 1,Product 2","2020-07-10 00:00:00","Orci Tincidunt LLC"
"Sophia Frye","1-647-292-9572","sophia.frye@nequeetlimited.com","Product 2,Product 3","2020-09-24 00:00:00","Neque Et Limited"
"Winifred Ashley","1-173-5760","winifred.ashley@consectetuermauris.com","Product 1,Product 2,Product 3","2018-11-18 00:00:00","Consectetuer Mauris Ltd"
"Aristotle Melendez","1-647-583-1342","aristotle.melendez@tristiquealiquet.com","Product 2,Product 3","2020-11-07 00:00:00","Tristique Aliquet LLC"
"Kuame Tanner","1-647-350-8271","kuame.tanner@ipsumfoundation.com","Product 1,Product 2,Product 3","2019-01-31 00:00:00","Ipsum Foundation"
"Roanna Rasmussen","1-647-163-7348","roanna.rasmussen@nequemorbiconsulting.com","Product 1,Product 2","2019-02-19 00:00:00","Neque Morbi Consulting"
"Rama Workman","1-647-343-0195","rama.workman@ligulatortordictum.com","Product 1,Product 2","2018-12-25 00:00:00","Ligula Tortor Dictum LLP"
"Eaton Mercado","1-647-758-0895","eaton.mercado@congueincorporated.com","Product 2","2020-04-11 00:00:00","Congue Incorporated"
"Shay Finch","1-980-5885","shay.finch@cubiliaindustries.com","Product 2,Product 3","2019-08-19 00:00:00","Cubilia Industries"
"Gail Larsen","1-647-310-3547","gail.larsen@duis.com","Product 2,Product 3","2019-12-14 00:00:00","Duis Ltd"
"Chester Cantrell","1-157-2410","chester.cantrell@variusindustries.com","Product 1,Product 3","2020-10-02 00:00:00","Varius Industries"
"Cullen Kaufman","1-827-8576","cullen.kaufman@adipiscingfringillaporttitorconsulting.com","Product 1,Product 2,Product 3","2020-03-22 00:00:00","Adipiscing Fringilla Porttitor Consulting"
"Fiona Sharpe","1-194-1686","fiona.sharpe@vitae.com","Product 3","2020-07-24 00:00:00","Vitae LLC"
"Astra Bradley","1-124-4294","astra.bradley@euligulainstitute.com","Product 2","2019-03-05 00:00:00","Eu Ligula Institute"
"Chaim Swanson","1-647-116-1796","chaim.swanson@eucorporation.com","Product 1,Product 3","2019-03-03 00:00:00","Eu Corporation"
"Lars Clark","1-647-798-6516","lars.clark@nonsollicitudinincorporated.com","Product 1,Product 2","2019-11-02 00:00:00","Non Sollicitudin Incorporated"
"Gray Whitley","1-647-319-2847","gray.whitley@eratincompany.com","Product 1,Product 2,Product 3","2020-10-18 00:00:00","Erat In Company"
"Madonna Gilliam","1-647-943-0480","madonna.gilliam@malesuadamalesuada.com","Product 1,Product 3","2019-05-19 00:00:00","Malesuada Malesuada LLC"
"Emery Crane","1-647-151-2563","emery.crane@fringillami.com","Product 2,Product 3","2020-04-22 00:00:00","Fringilla Mi LLP"
"Scarlett Knapp","1-647-958-9545","scarlett.knapp@risusvarius.com","Product 1,Product 2","2019-02-19 00:00:00","Risus Varius Inc."
"Kimberley Miranda","1-647-825-2158","kimberley.miranda@feugia.com","Product 1,Product 3","2019-07-30 00:00:00","Feugiat Ltd"
"Josephine Newman","1-164-8276","josephine.newman@malesuadacompany.com","Product 1,Product 3","2019-01-01 00:00:00","Malesuada Company"
"Levi Donaldson","1-647-170-5533","levi.donaldson@fusceassociates.com","Product 2","2018-12-03 00:00:00","Fusce Associates"
"Brooke England","1-647-357-6656","brooke.england@ridiculusmusproinconsulting.com","Product 2,Product 3","2019-01-21 00:00:00","Ridiculus Mus Proin Consulting"
"David Acosta","1-647-551-5637","david.acosta@morbiconsulting.com","Product 1,Product 3","2019-01-02 00:00:00","Morbi Consulting"
"Solomon Roberson","1-352-7901","solomon.roberson@nonluctus.com","Product 1,Product 3","2020-04-21 00:00:00","Non Luctus LLC"
"Nero Mckenzie","1-539-5115","nero.mckenzie@molestiefoundation.com","Product 1,Product 2,Product 3","2019-04-07 00:00:00","Molestie Foundation"
"Blake Landry","1-330-4152","blake.landry@rhoncus.com","Product 2,Product 3","2019-03-11 00:00:00","Rhoncus LLP"
"Imani Arnold","1-182-5605","imani.arnold@dolornonummyac.com","Product 2,Product 3","2020-08-24 00:00:00","Dolor Nonummy Ac Corp."
"Lucius Shelton","1-647-711-5027","lucius.shelton@ornarefacilisisegetcorporation.com","Product 1,Product 2","2020-09-03 00:00:00","Ornare Facilisis Eget Corporation"
"Zeph Ware","1-647-241-4733","zeph.ware@luctusetincorporated.com","Product 1,Product 3","2020-03-26 00:00:00","Luctus Et Incorporated"
"Harding Tran","1-647-509-2608","harding.tran@dolorfuscemifoundation.com","Product 1,Product 2,Product 3","2019-12-03 00:00:00","Dolor Fusce Mi Foundation"
"Kay Mejia","1-647-323-5096","kay.mejia@dolornulla.com","Product 1,Product 3","2020-02-12 00:00:00","Dolor Nulla LLP"
"Fuller Wiggins","1-263-0144","fuller.wiggins@necinstitute.com","Product 1,Product 2","2019-04-05 00:00:00","Nec Institute"
"Jamalia Malone","1-984-0371","jamalia.malone@crasegetnisiconsulting.com","Product 1,Product 3","2020-10-27 00:00:00","Cras Eget Nisi Consulting"
"Benjamin Owens","1-647-905-2418","benjamin.owens@quisque.com","Product 1,Product 3","2019-01-09 00:00:00","Quisque Corp."
"Hiram Dorsey","1-219-4175","hiram.dorsey@facilisisfacilisismagna.com","Product 2,Product 3","2020-09-02 00:00:00","Facilisis Facilisis Magna Corp."
"Nolan Strong","1-599-3400","nolan.strong@semperinstitute.com","Product 2,Product 3","2020-10-28 00:00:00","Semper Institute"
"Ruby Alvarez","1-641-9476","ruby.alvarez@sociosquadincorporated.com","Product 1,Product 2,Product 3","2019-07-22 00:00:00","Sociosqu Ad Incorporated"
"Elmo Travis","1-441-3759","elmo.travis@nullamutcompany.com","Product 2,Product 3","2020-01-02 00:00:00","Nullam Ut Company"
"Amir Kidd","1-191-5269","amir.kidd@aliquetconsulting.com","Product 1,Product 2,Product 3","2019-11-24 00:00:00","Aliquet Consulting"
"Vera Case","1-463-5437","vera.case@bibendum.com","Product 1,Product 2,Product 3","2019-07-11 00:00:00","Bibendum Corp."
"Lee Griffin","1-978-5686","lee.griffin@hendrerit.com","Product 1,Product 3","2019-08-24 00:00:00","Hendrerit LLP"
"Mark Battle","1-647-336-3487","mark.battle@velnisl.com","Product 3","2020-09-09 00:00:00","Vel Nisl Inc."
"Ruth Stephenson","1-647-193-6647","ruth.stephenson@purusaccumsaninterdumfoundation.com","Product 2,Product 3","2019-09-03 00:00:00","Purus Accumsan Interdum Foundation"
"Leila Santiago","1-880-1814","leila.santiago@mollisduiinincorporated.com","Product 1","2020-04-18 00:00:00","Mollis Dui In Incorporated"
"Kiara Gilmore","1-370-0252","kiara.gilmore@lacuscompany.com","Product 1,Product 3","2020-10-10 00:00:00","Lacus Company"
"Uma Powell","1-474-3590","uma.powell@mattislimited.com","Product 2,Product 3","2018-12-12 00:00:00","Mattis Limited"
"Kadeem Bowen","1-647-591-8436","kadeem.bowen@velmauris.com","Product 1,Product 3","2020-08-16 00:00:00","Vel Mauris LLC"
"Rinah Castillo","1-647-773-6755","rinah.castillo@consectetuer.com","Product 2","2019-01-16 00:00:00","Consectetuer Ltd"
"Reagan Kirkland","1-474-3957","reagan.kirkland@ametconsectetueradipiscing.com","Product 1,Product 3","2019-12-16 00:00:00","Amet Consectetuer Adipiscing Corp."
"Yoko Espinoza","1-344-6209","yoko.espinoza@risusduis.com","Product 2","2019-07-01 00:00:00","Risus Duis Inc."
"Aladdin Estrada","1-647-371-1887","aladdin.estrada@metusincorporated.com","Product 1,Product 2","2019-01-03 00:00:00","Metus Incorporated"
"Georgia Compton","1-647-730-2086","georgia.compton@sedindustries.com","Product 2,Product 3","2019-01-07 00:00:00","Sed Industries"
"Cain Lindsey","1-647-981-0426","cain.lindsey@viverra.com","Product 1,Product 3","2020-02-14 00:00:00","Viverra LLP"
"Harriet Hernandez","1-334-6526","harriet.hernandez@nequein.com","Product 2,Product 3","2019-01-19 00:00:00","Neque In Corp."
"Myra Hewitt","1-647-124-7900","myra.hewitt@bibendumconsulting.com","Product 1,Product 3","2019-09-02 00:00:00","Bibendum Consulting"
"Rhonda Stewart","1-647-733-9165","rhonda.stewart@lobortisclasscorporation.com","Product 1,Product 2,Product 3","2020-01-31 00:00:00","Lobortis Class Corporation"
"Astra Bartlett","1-728-0473","astra.bartlett@vehicularisusassociates.com","Product 1,Product 3","2019-06-28 00:00:00","Vehicula Risus Associates"
"Eagan Rosales","1-647-553-5852","eagan.rosales@integervitae.com","Product 1","2020-04-24 00:00:00","Integer Vitae Ltd"
"Aphrodite Nixon","1-647-906-2070","aphrodite.nixon@proininstitute.com","Product 1,Product 2","2020-05-02 00:00:00","Proin Institute"
"Reece Cotton","1-647-319-9450","reece.cotton@liberoestcompany.com","Product 1,Product 2,Product 3","2019-06-16 00:00:00","Libero Est Company"
"Janna Neal","1-647-409-4351","janna.neal@loremvehiculaassociates.com","Product 1,Product 2,Product 3","2019-07-27 00:00:00","Lorem Vehicula Associates"
"Brandon Adams","1-647-269-8571","brandon.adams@donecassociates.com","Product 1,Product 3","2020-10-09 00:00:00","Donec Associates"
"Jennifer Delaney","1-647-195-5183","jennifer.delaney@conguepc.com","Product 2,Product 3","2019-10-22 00:00:00","Congue PC"
"Wayne Schwartz","1-647-837-6388","wayne.schwartz@aliquamadipiscingconsulting.com","Product 1,Product 2","2019-01-03 00:00:00","Aliquam Adipiscing Consulting"
"Tanek Poole","1-647-296-5975","tanek.poole@atsemmolestie.com","Product 2,Product 3","2019-12-19 00:00:00","At Sem Molestie LLC"
"Kasper Ashley","1-712-7543","kasper.ashley@maurispc.com","Product 1,Product 2,Product 3","2020-05-08 00:00:00","Mauris PC"
"Xenos Snow","1-647-250-0067","xenos.snow@duiconsulting.com","Product 2,Product 3","2019-01-28 00:00:00","Dui Consulting"
"Octavius Morin","1-647-957-0804","octavius.morin@mifringillafoundation.com","Product 1,Product 3","2019-08-20 00:00:00","Mi Fringilla Foundation"
"Regan Summers","1-647-756-4550","regan.summers@odiopc.com","Product 1,Product 2,Product 3","2020-07-16 00:00:00","Odio PC"
"Joy Franklin","1-647-530-2307","joy.franklin@blanditfoundation.com","Product 1,Product 2","2019-06-02 00:00:00","Blandit Foundation"
"Mallory Saunders","1-647-269-3901","mallory.saunders@elit.com","Product 1,Product 2,Product 3","2020-10-03 00:00:00","Elit Corp."
"Jerry Pace","1-647-581-9967","jerry.pace@craspellentesquesedcorporation.com","Product 2,Product 3","2019-11-29 00:00:00","Cras Pellentesque Sed Corporation"
"Cheryl Slater","1-647-253-1502","cheryl.slater@mauriselitassociates.com","Product 1","2019-02-03 00:00:00","Mauris Elit Associates"
"Chantale Ruiz","1-647-127-2181","chantale.ruiz@maurisaliquam.com","Product 2,Product 3","2020-04-13 00:00:00","Mauris Aliquam Inc."
"Graham Diaz","1-647-304-4968","graham.diaz@aliquetfoundation.com","Product 1,Product 2,Product 3","2020-03-28 00:00:00","Aliquet Foundation"
"Ora Mckee","1-647-504-5369","ora.mckee@loremeumetuslimited.com","Product 1,Product 2","2019-06-16 00:00:00","Lorem Eu Metus Limited"
"Tana Evans","1-647-741-9395","tana.evans@mauris.com","Product 1,Product 2,Product 3","2020-10-03 00:00:00","Mauris LLP"
"Galena Knight","1-647-370-8713","galena.knight@ipsumcompany.com","Product 2,Product 3","2019-03-02 00:00:00","Ipsum Company"
"Louis Miles","1-297-7510","louis.miles@massa.com","Product 1,Product 2,Product 3","2019-11-18 00:00:00","Massa Corp."
